review,clean_review,label
IMDb and the Greatest Film of All Time,imdb greatest film time,1.0
Stephen King's best adapted movie,stephen kings best adapted movie,1.0
"Enthralling, fantastic, intriguing, truly remarkable!",enthralling fantastic intriguing truly remarkable,1.0
Simply amazing. The best film of the 90's.,simply amazing best film,1.0
The absolute GREATEST movie of all time.,absolute greatest movie time,1.0
"Good movie, but best of all time? Hardly . . .",good movie best time hardly,1.0
The best story ever told on film,best story ever told film,1.0
The Greatest Movie of all Time,greatest movie time,1.0
Greatest movie of all time!,greatest movie time,1.0
Best movie of all time!,best movie time,1.0
This is a wonderful movie!!!!,wonderful movie,1.0
its an excellent piece of art,excellent piece art,1.0
Hope is a Good Thing. Maybe the Best of Things. And No Good Thing Ever Dies.,hope good thing maybe best things good thing ever dies,1.0
Simply Wonderful,simply wonderful,1.0
Excellent Stephen King adaptation; flawless Robbins & Freeman,excellent stephen king adaptation flawless robbins freeman,1.0
One of the Best If You Get It,one best get,1.0
Simply a great story that is moving and uplifting,simply great story moving uplifting,1.0
The best film of all time ?,best film time,1.0
"Great story, wondrously told and acted",great story wondrously told acted,1.0
"A Bit Over-Rated Perhaps, But Still A Good Movie With Great Performances From Freeman and Robbins",bit overrated perhaps still good movie great performances freeman robbins,1.0
Brilliant & Excellent,brilliant excellent,1.0
This is one of the most inspiring n one of the greatest film.,one inspiring n one greatest film,1.0
The best movie i ever watched,best movie ever watched,1.0
Truly the greatest prison movie ever!,truly greatest prison movie ever,1.0
The Greatest Movie of All Time ( after Godfather 1972),greatest movie time godfather,1.0
The 2nd Best Movie Ever Made,nd best movie ever made,1.0
The best movie ever?,best movie ever,1.0
The greatest movie ever made and to be made,greatest movie ever made made,1.0
Without a doubt one of the best movies of all time,without doubt one best movies time,1.0
One of the best movies I have ever seen,one best movies ever seen,1.0
One of the best movies ever made?,one best movies ever made,1.0
The greatest movie ever made..!,greatest movie ever made,1.0
The greatest movie ever!,greatest movie ever,1.0
Best of all time!!!,best time,1.0
One of the Best Films Ever Put on the Silver Screen,one best films ever put silver screen,1.0
The best jailhouse movie of all time!,best jailhouse movie time,1.0
The best film ever made!,best film ever made,1.0
"A bit overrated, but still an amazing film",bit overrated still amazing film,1.0
An amazing tale of hope and patience,amazing tale hope patience,1.0
One of the greatest movies of all time,one greatest movies time,1.0
The BEST movie ever made.,best movie ever made,1.0
"Excellent Movie, But Not ""Greatest of All Time.""",excellent movie greatest time,1.0
One of the best movies I have ever watched in my life,one best movies ever watched life,1.0
The only time I'd call anything The Best Film Ever Made.,time id call anything best film ever made,1.0
One of the best - of all time. Seriously.,one best time seriously,1.0
"Greatest Movie of All time, hands down!",greatest movie time hands,1.0
Absolutely brilliant,absolutely brilliant,1.0
"#1 on IMDB's top 250, one of the best movies of all time and more than 6200 reviews... what's more to say about this movie?",imdbs top one best movies time reviews whats say movie,1.0
AN EXCELLENT MASTERPIECE !!,excellent masterpiece,1.0
"A great film, but #2?",great film,1.0
"Hope is a good thing, maybe the best of things.",hope good thing maybe best things,1.0
Best full of emotions and story,best full emotions story,1.0
The greatest movie ever made!!!,greatest movie ever made,1.0
Simply the best!,simply best,1.0
The best movie ever,best movie ever,1.0
One of the best movies ever made,one best movies ever made,1.0
The best movie I've ever seen,best movie ive ever seen,1.0
"hope is a good thing, maybe the best of things,And no good thing ever dies.",hope good thing maybe best thingsand good thing ever dies,1.0
Best Film Ever...Period,best film everperiod,1.0
Best Movie ever!,best movie ever,1.0
Greatest Stephen King adaptation of all time,greatest stephen king adaptation time,1.0
Indeed... This is the best movie in history,indeed best movie history,1.0
Not the best prison movie,best prison movie,1.0
One of the best movies of all time,one best movies time,1.0
Morgan Freeman is the only great thing in this movie,morgan freeman great thing movie,1.0
One of the best movies ever made.,one best movies ever made,1.0
the one of best movie i seen,one best movie seen,1.0
This movie is so great,movie great,1.0
"The best, pure and simple.",best pure simple,1.0
Great movie for everyone,great movie everyone,1.0
The greatest story of persistence pays off.,greatest story persistence pays,1.0
The best movie of my life,best movie life,1.0
Hands Down one of the Best Movies,hands one best movies,1.0
Best Inspirational Movie,best inspirational movie,1.0
"Reasonably good...but far too clichéd to be called ""great""",reasonably goodbut far clichd called great,1.0
Still One of the Greatest!,still one greatest,1.0
"Truly brilliant, moving and flawless.",truly brilliant moving flawless,1.0
So it's not everyday that you watch the greatest movie of your lifetime.,everyday watch greatest movie lifetime,1.0
2nd best film ever?,nd best film ever,1.0
the best movie in the world ever made,best movie world ever made,1.0
One of the Greatest Ever,one greatest ever,1.0
Deserves the title as best movie of all time!,deserves title best movie time,1.0
Simply the Best!,simply best,1.0
The best movie ever!,best movie ever,1.0
One of the best movies I've ever seen,one best movies ive ever seen,1.0
A fantastic movie to enjoy,fantastic movie enjoy,1.0
"Above average, but not great.",average great,1.0
excellent emotional rescue,excellent emotional rescue,1.0
The Best Movie of all Time,best movie time,1.0
One of the Greatest Films of All Time.,one greatest films time,1.0
Very best movie i ever watch,best movie ever watch,1.0
The greatest film in the world (probably).,greatest film world probably,1.0
Wow!!!Amazing!!!Breathtaking!!!,wowamazingbreathtaking,1.0
what a great movie!,great movie,1.0
An excellent film contained within a classic,excellent film contained within classic,1.0
HOPE IS THE BEST THING!,hope best thing,1.0
Best film ever?!,best film ever,1.0
Best film I have ever seen,best film ever seen,1.0
"""Hope is a good thing, maybe the best of things, and no good thing ever dies""",hope good thing maybe best things good thing ever dies,1.0
A fantastic story which touches the inner-most of the body,fantastic story touches innermost body,1.0
One of the best films ever made.,one best films ever made,1.0
The greatest transition from confinement to freedom ever portrayed in film,greatest transition confinement freedom ever portrayed film,1.0
"Great Movie? nope, there's no truth to it",great movie nope theres truth,1.0
The Shawshank BESTemption,shawshank bestemption,1.0
Greatest movie ever made.,greatest movie ever made,1.0
"The best movie ever, excellent is a small word for this movie!",best movie ever excellent small word movie,1.0
"good one but not the ""second best of all time""...",good one second best time,1.0
Perhaps the best movie of all time,perhaps best movie time,1.0
"IN TOP 5 BEST MOVIES EVER,ONE OF MY FAVOURITE",top best movies everone favourite,1.0
One of the best flicks of the decade.,one best flicks decade,1.0
the best ever hollywood drama movie i have ever watched................,best ever hollywood drama movie ever watched,1.0
A gritty look at prison. One of the best prison movies ever.,gritty look prison one best prison movies ever,1.0
It was best in my life,best life,1.0
A wonderful movie! A true mind over matter picture!,wonderful movie true mind matter picture,1.0
The best movie ever made,best movie ever made,1.0
The Shawshank Redemption Is An Excellent Film,shawshank redemption excellent film,1.0
Excellent Film. A Powerful Drama,excellent film powerful drama,1.0
One of the greatest films ive ever seen,one greatest films ive ever seen,1.0
Possibly the best movie ever to be made!!!,possibly best movie ever made,1.0
"Great, uplifting drama, with one flaw...",great uplifting drama one flaw,1.0
It's the small things that make it brilliant...,small things make brilliant,1.0
A Feel good Movie: Greatest ever? Probably not,feel good movie greatest ever probably,1.0
A film beyond greatness.,film beyond greatness,1.0
The Greatest Movie Ever To Be Told On Film,greatest movie ever told film,1.0
Best Movie Of The Era,best movie era,1.0
One of the best movies ever,one best movies ever,1.0
AN UTTERLY FANTASTIC MOVIE.,utterly fantastic movie,1.0
It will remain as the best movie I have ever seen in my life.,remain best movie ever seen life,1.0
"hope is a good thing, maybe the best of things",hope good thing maybe best things,1.0
Simply the greatest movie ever made. Make it part of your bucket list.,simply greatest movie ever made make part bucket list,1.0
Why Redemption in Shawshank is the best movie,redemption shawshank best movie,1.0
Greatest Film of All Time,greatest film time,1.0
The best film I have ever seen,best film ever seen,1.0
A great film of a helping hand leading to end-around justice,great film helping hand leading endaround justice,1.0
best film of all time,best film time,1.0
Not bad movie ..,bad movie,0.0
One of the best movies around,one best movies around,1.0
Best movie ever made!,best movie ever made,1.0
"No word, just watch. It's one of the best for a reason.",word watch one best reason,1.0
Great films come only once in a blue moon,great films come blue moon,1.0
The greatest movie of all time,greatest movie time,1.0
"An Amazing and Emotional Film, one of the very best.",amazing emotional film one best,1.0
The greatest movie I've ever seen,greatest movie ive ever seen,1.0
Pretty boring stuff,pretty boring stuff,0.0
Best film ever made...,best film ever made,1.0
"It took me while to come around, but this is one of the best!",took come around one best,1.0
Maybe The Best Movie Ever Made,maybe best movie ever made,1.0
Good? Yes. Number 1 best movie of all time? Heck no!,good yes number best movie time heck,1.0
still the best movie of all time,still best movie time,1.0
NOT THAT GREAT!!! OPEN YOUR FRIGGIN EYES!!!!!!,great open friggin eyes,1.0
The Best Movie Ever Made,best movie ever made,1.0
Not the greatest movie of all time,greatest movie time,1.0
The Best Film Ever Made,best film ever made,1.0
My all time best film,time best film,1.0
Brilliant. Moved me in a way I never thought possible.,brilliant moved way never thought possible,1.0
The Greatest Movie Ever Made?,greatest movie ever made,1.0
Greatest Movie of All Time !?,greatest movie time,1.0
"Great movie, Great Actors, Great Story",great movie great actors great story,1.0
Simply the best film ever made.,simply best film ever made,1.0
Shawshank never won best picture one of the greatest crimes at the Oscars in History,shawshank never best picture one greatest crimes oscars history,1.0
Not the best but still excellent,best still excellent,1.0
A brilliant film any way you look at it,brilliant film way look,1.0
Not the greatest movie of all time but pretty darn good,greatest movie time pretty darn good,1.0
The best movie I ever watched,best movie ever watched,1.0
The Shawshank Redemption - One of the greats,shawshank redemption one greats,1.0
The best movie I have seen,best movie seen,1.0
Hands down the best movie I have ever seen,hands best movie ever seen,1.0
one of the best.,one best,1.0
The best movie I have ever seen!,best movie ever seen,1.0
Good but not great,good great,1.0
One of the best movies of all time.,one best movies time,1.0
A brilliant film,brilliant film,1.0
The Best Movie And Ultime Favourite,best movie ultime favourite,1.0
great concept great acting great movie,great concept great acting great movie,1.0
"it's a great movie, it will leave you with weird happiness",great movie leave weird happiness,1.0
In my opinion the best movie ever made.,opinion best movie ever made,1.0
American story telling at its best,american story telling best,1.0
What a amazing MOVIE,amazing movie,1.0
On of the Best Movies,best movies,1.0
Best script I ever read,best script ever read,1.0
Wonderful Movie.,wonderful movie,1.0
An excellent film with some deep thought provoking meanings,excellent film deep thought provoking meanings,1.0
Without a doubt.....greatest movie ever,without doubtgreatest movie ever,1.0
Best movie ever!!,best movie ever,1.0
Fantastic story telling,fantastic story telling,1.0
A Wonderful film,wonderful film,1.0
Stephen King's best adaptation,stephen kings best adaptation,1.0
one of the greatest,one greatest,1.0
Really Great Movie Must Watch,really great movie must watch,1.0
Great movie; take time out to watch it and learn some of life's lessons,great movie take time watch learn lifes lessons,1.0
Without a doubt one of the best masterpiece of all time !!!,without doubt one best masterpiece time,1.0
The Best Movie Of A Dull Subject,best movie dull subject,1.0
"Not The Greatest Film Ever, But The Most Universally Great One",greatest film ever universally great one,1.0
"Good, but not great - grossly overrated",good great grossly overrated,1.0
"One of the few movies that deserve the title of ""Best Movie Of All Time"".",one movies deserve title best movie time,1.0
Simply the best movie ever!!!!!!,simply best movie ever,1.0
The greatest film ever made!,greatest film ever made,1.0
"Good, but great?",good great,1.0
"A Great film, Outstanding Acting and Story! Instant Classic!",great film outstanding acting story instant classic,1.0
I don't hate this movie - I hate the Fan-base,dont hate movie hate fanbase,0.0
An Amazing film!,amazing film,1.0
"Brilliant film, but...",brilliant film,1.0
Not perfect but still I recommend it very much because it´s a great film!,perfect still recommend much great film,1.0
Bloody fantastic,bloody fantastic,1.0
The greatest film ever made!!!,greatest film ever made,1.0
Best of Hollywood creation ever.....,best hollywood creation ever,1.0
Best Movie Ever?,best movie ever,1.0
one of the greatest films of the history,one greatest films history,1.0
Reason Why This is the Best Movie of All Time,reason best movie time,1.0
The best film ever!!!,best film ever,1.0
Most amazing film ever,amazing film ever,1.0
Very wonderful movie,wonderful movie,1.0
Greatest movie ever,greatest movie ever,1.0
This movie is the best for me,movie best,1.0
Excellent movie I liked it a lot,excellent movie liked lot,1.0
One of the best movie ever,one best movie ever,1.0
One of the greats!,one greats,1.0
Overrated boring movie,overrated boring movie,0.0
Best Drama Genre Movie of All time,best drama genre movie time,1.0
The best movie of all time,best movie time,1.0
A brilliant movie but it's still far away from being the best one!,brilliant movie still far away best one,1.0
Amazing Story About Shaw shank Redemption,amazing story shaw shank redemption,1.0
The Best Movie Ever,best movie ever,1.0
"Great film, a bit over rated",great film bit rated,1.0
"Good, but not great",good great,1.0
an great movie!!!. i dont think i will ever get over how good this movie is,great movie dont think ever get good movie,1.0
Its should be given best film for perfection.,given best film perfection,1.0
One of the greatest mediocre films ever made,one greatest mediocre films ever made,1.0
"Not Bad, Just Overrated",bad overrated,0.0
Simply amazing!!!,simply amazing,1.0
"Hope is a good thing, maybe the best of things, and no good thing ever dies.",hope good thing maybe best things good thing ever dies,1.0
The best movie so far for me...,best movie far,1.0
Greatest Movie of All Time!!!,greatest movie time,1.0
"""Best of all time""",best time,1.0
"Not bad, but Seriously Overrated",bad seriously overrated,0.0
This isn't the best movie I've seen but it is close,isnt best movie ive seen close,1.0
the best part was when...,best part,1.0
Literally the Best Movie of All Time,literally best movie time,1.0
Best Movie about LIfe lessons,best movie life lessons,1.0
Best movie I have seen,best movie seen,1.0
Great Story Telling,great story telling,1.0
one of the best movies of all time.,one best movies time,1.0
BLOODY EXCELLENT,bloody excellent,1.0
HOPE is a good thing maybe the best of the things,hope good thing maybe best things,1.0
Best prison movie of all time!,best prison movie time,1.0
a fantastic and clever script,fantastic clever script,1.0
"Yes, it is amazing! But, if so, where's the support for it?",yes amazing wheres support,1.0
Best film I've ever seen.,best film ive ever seen,1.0
Really great movie.,really great movie,1.0
What a bad movie,bad movie,0.0
The best films are the ones with simple and powerful messages,best films ones simple powerful messages,1.0
BEST MOVIE I Have Seen,best movie seen,1.0
Perhaps the Greatest Film pf all time,perhaps greatest film pf time,1.0
The movie! Maybe the greatest ever!,movie maybe greatest ever,1.0
Great all together!,great together,1.0
One of the most brilliant movies out there!,one brilliant movies,1.0
"The Best, ever and forever.",best ever forever,1.0
Best ever movie to watch,best ever movie watch,1.0
One of the greatest films ever made.,one greatest films ever made,1.0
Simply One Of The Greatest Film I've Ever Watch,simply one greatest film ive ever watch,1.0
Best film ever!!!,best film ever,1.0
Absolutely Amazing!!!!,absolutely amazing,1.0
"Not a bad movie, but also not a very entertaining one",bad movie also entertaining one,0.0
excellent engaging drama,excellent engaging drama,1.0
Truly brilliant movie,truly brilliant movie,1.0
Stunning. The best movie i have ever seen,stunning best movie ever seen,1.0
The best movie i've ever seen,best movie ive ever seen,1.0
The Best movie i have ever seen,best movie ever seen,1.0
Best drama of the 90's,best drama,1.0
Simply the best movie ever made!!,simply best movie ever made,1.0
Still the best movie,still best movie,1.0
One of the best movies in my lifetime,one best movies lifetime,1.0
THE BEST I HAVE EVER SEEN,best ever seen,1.0
Absolutely best movie of all time,absolutely best movie time,1.0
"pure viewing pleasure, one of the best",pure viewing pleasure one best,1.0
Bad Name but Good Film,bad name good film,0.0
FORREST GUMP AIN'T THAT BAD. . .,forrest gump aint bad,0.0
"MASTERPIECE*, THE BEST* Ethical, Life-displaying, Heart-aching,",masterpiece best ethical lifedisplaying heartaching,1.0
The Shawshanks Redemption is best movie ever made!!,shawshanks redemption best movie ever made,1.0
The Greatest Movie That I Have Ever Seen,greatest movie ever seen,1.0
The great movie I've ever seen,great movie ive ever seen,1.0
Best Movie for 22th Century,best movie th century,1.0
This movie was brilliant!,movie brilliant,1.0
It's a great movie. It is realistic and instructive.,great movie realistic instructive,1.0
For something it is rated as the best movie on imdb,something rated best movie imdb,1.0
A great adaptation of a great book.,great adaptation great book,1.0
"Hope is a good thing, maybe the best of things, and no good thing ever dies...a fine piece of art....",hope good thing maybe best things good thing ever diesa fine piece art,1.0
Best From Hollywood Side,best hollywood side,1.0
the best movie i've ever seen,best movie ive ever seen,1.0
Movie was amazing,movie amazing,1.0
the best dramatic film you can ever sean,best dramatic film ever sean,1.0
one of the greatest movies ever,one greatest movies ever,1.0
One of the Greatest Films Ever Made,one greatest films ever made,1.0
excellent movie tittle,excellent movie tittle,1.0
"Like It, Not The Best",like best,1.0
How could one movie be so terrible,could one movie terrible,0.0
"Honestly, one of the best films I've ever seen, and quite possibly my favourite of all time.",honestly one best films ive ever seen quite possibly favourite time,1.0
A Truly Amazing Experience,truly amazing experience,1.0
One of the best movies in history,one best movies history,1.0
The best film ever,best film ever,1.0
Best Movie Ever seen,best movie ever seen,1.0
One Of The Best Overall Story.,one best overall story,1.0
One of the Greatest Movies Ever Made,one greatest movies ever made,1.0
The Best Movie Of All Time,best movie time,1.0
For me it's the best movie about friendship in bad times and hope!,best movie friendship bad times hope,1.0
This is not the best film ever done,best film ever done,1.0
Brilliant. Shakes you to the core.,brilliant shakes core,1.0
One of the best Story to see,one best story see,1.0
Probably the best movie of all time,probably best movie time,1.0
best movies I have ever seen,best movies ever seen,1.0
GReat Body of work,great body work,1.0
Best of the best,best best,1.0
One of the best movies I have ever seen.,one best movies ever seen,1.0
One of the best Stephen King adaptations ever made.,one best stephen king adaptations ever made,1.0
The greatest movie ever made...,greatest movie ever made,1.0
The best of the best,best best,1.0
The best movie about prison ever,best movie prison ever,1.0
quite possibly one of the best films,quite possibly one best films,1.0
"AMAZING STORY, AMAZING MOVIE TOO",amazing story amazing movie,1.0
one of the best movies,one best movies,1.0
Best Film I've Ever Seen,best film ive ever seen,1.0
Possibly the best movie that has ever been and ever will be made,possibly best movie ever ever made,1.0
One of the best movies,one best movies,1.0
The best movie I have ever seen,best movie ever seen,1.0
One of the best films ever....,one best films ever,1.0
THE GREATEST MOVIE EVER,greatest movie ever,1.0
Greatest sleeper of all time,greatest sleeper time,1.0
Why is it so great?,great,1.0
Because it's still the Best,still best,1.0
One of the two greatest movies I have ever seen,one two greatest movies ever seen,1.0
One of the greatest adaptations of all time,one greatest adaptations time,1.0
One of the best movies i have ever seen.,one best movies ever seen,1.0
A Film That Doesn't Fit Into A Genre (And That's What Makes It Great),film doesnt fit genre thats makes great,1.0
Best movie ever!!!,best movie ever,1.0
Simply an amazing movie!,simply amazing movie,1.0
That's great fiml,thats great fiml,1.0
"Excellent, One of the Best of all time",excellent one best time,1.0
Great Movie to Watch!,great movie watch,1.0
Best movie of the '90s,best movie,1.0
Simply Put: the greatest of all time,simply put greatest time,1.0
Not bad but really overrated,bad really overrated,0.0
Probably the best movie ever,probably best movie ever,1.0
One of the greatest movies ever made,one greatest movies ever made,1.0
"There's a reason why this didn't win ""Best Picture""",theres reason didnt win best picture,1.0
One of the Best Ever,one best ever,1.0
"The Greatest Movie of All Time, and for Good Reason",greatest movie time good reason,1.0
One of the best film ever,one best film ever,1.0
"The Best Film of All Time? Seriously, Folks?",best film time seriously folks,1.0
One of the greatest films ever.,one greatest films ever,1.0
"The Shawshank Redemption is one of the greatest films of all time, due largely to the subtlety of its beauty and intelligence.",shawshank redemption one greatest films time due largely subtlety beauty intelligence,1.0
The Best Movie Ever?,best movie ever,1.0
Tied for the best movie ever,tied best movie ever,1.0
Is the best movie of all time,best movie time,1.0
One of the best movies I've ever seend.,one best movies ive ever seend,1.0
The all time greatest,time greatest,1.0
"A wonderfully constructed, emotional masterpiece",wonderfully constructed emotional masterpiece,1.0
the best movie ever,best movie ever,1.0
Best movie I have ever watched,best movie ever watched,1.0
1 of greatest films of all time!,greatest films time,1.0
one of the best film i ever watched,one best film ever watched,1.0
One of the greatest films ever made!!!,one greatest films ever made,1.0
One of the greatest movies of all time.,one greatest movies time,1.0
One of the best films of all time,one best films time,1.0
Absolutely awful!,absolutely awful,0.0
Is this truly the best movie ever?,truly best movie ever,1.0
this is the best,best,1.0
Best movie ever?,best movie ever,1.0
One of the best movie !!,one best movie,1.0
Absolutely Fantastic,absolutely fantastic,1.0
Just plain amazing,plain amazing,1.0
"Good, but not Great",good great,1.0
Is this the best movie of all time? - it is not,best movie time,1.0
Nothing but Greatness!!,nothing greatness,1.0
Best of all time,best time,1.0
Shawshank Redemption is the best movie ever made.,shawshank redemption best movie ever made,1.0
Great among greats.,great among greats,1.0
What a great movie....,great movie,1.0
Total waste of time.,total waste time,0.0
A great movie with even greater Cast,great movie even greater cast,1.0
Best movie of all time...don't think so,best movie timedont think,1.0
One of the very best,one best,1.0
Hands down to the best movie I've ever watched..,hands best movie ive ever watched,1.0
The Shawshank Redemption - The Greatest movie of all time,shawshank redemption greatest movie time,1.0
"Hope is a good thing, maybe the best of things",hope good thing maybe best things,1.0
Cinema at its best,cinema best,1.0
hope....is greatest thing,hopeis greatest thing,1.0
Still one of the best movies. Quality does not age.,still one best movies quality age,1.0
Seriously one of the best movies!,seriously one best movies,1.0
the best movie of the past,best movie past,1.0
"you want a great emotional story, here you got it",want great emotional story got,1.0
hardly the best movie ever made but a masterpiece nonetheless,hardly best movie ever made masterpiece nonetheless,1.0
"An amazing and thought provoking film about so much more than the premise suggests that can teach us all something about life, respect, hope, and how all films should be made.",amazing thought provoking film much premise suggests teach us something life respect hope films made,1.0
Amazingly Powerful Story!,amazingly powerful story,1.0
Excellent cast and story Line,excellent cast story line,1.0
Excellent! Beaware of Inst-man-cry.,excellent beaware instmancry,1.0
Wonderfully crafted motion picture with wide appeal,wonderfully crafted motion picture wide appeal,1.0
- Some things Are Best left Unsaid -,things best left unsaid,1.0
The best movie made to date.,best movie made date,1.0
Best movie..Worth your time,best movieworth time,1.0
One of the best value is to being human no matter of obstacles!,one best value human matter obstacles,1.0
"Best Film Ever, Really?",best film ever really,1.0
The bestest crime drama movie ever,bestest crime drama movie ever,1.0
This is Great Movie to watch at home,great movie watch home,1.0
One of best movies ever!,one best movies ever,1.0
Extremely over-rated but great movie!!,extremely overrated great movie,1.0
One of the best film about prison's life,one best film prisons life,1.0
An amazing movie...,amazing movie,1.0
One of the best film,one best film,1.0
best movie i have ever seen,best movie ever seen,1.0
Best movie I have ever seen,best movie ever seen,1.0
Greatest film of all time. Artistic perfection. Best music I've ever heard in a film.,greatest film time artistic perfection best music ive ever heard film,1.0
Greatest film of all time after Godfather,greatest film time godfather,1.0
"The greatest movie, especially the storyline (ending)",greatest movie especially storyline ending,1.0
One of the best prison dramas ever,one best prison dramas ever,1.0
Quite simply the best film I have ever seen.,quite simply best film ever seen,1.0
Absolutely Great,absolutely great,1.0
is this the best movie I have ever seen or is it the worst movie I have ever seen?,best movie ever seen worst movie ever seen,1.0
The Best movie of all time,best movie time,1.0
The best movie of all time!!!!!,best movie time,1.0
Jaw-droppingly Great Film - At the Top of Everyone's List!,jawdroppingly great film top everyones list,1.0
Hope is wonderful,hope wonderful,1.0
Old fashioned and entertaining? Sure. Great? No way.,old fashioned entertaining sure great way,1.0
The single greatest masterpiece of all time.,single greatest masterpiece time,1.0
"Not quite great, but still compelling",quite great still compelling,1.0
the greatest motion picture ever made,greatest motion picture ever made,1.0
When was the last time you saw a great movie???,last time saw great movie,1.0
ONE OF THE BEST MOVIES OF THE DECADE,one best movies decade,1.0
Best movie ever.,best movie ever,1.0
My Review of this Great Movie,review great movie,1.0
My best Film ever,best film ever,1.0
"One of the Worst ""Films"" Ever Made!",one worst films ever made,0.0
The best prison movie ever filmed,best prison movie ever filmed,1.0
The best movie ever made!,best movie ever made,1.0
The 1st Greatest Film of All Time,st greatest film time,1.0
"Without a doubt, one of the best films ever made",without doubt one best films ever made,1.0
One of the greatest movie.,one greatest movie,1.0
Greatest Soundtrack and Story,greatest soundtrack story,1.0
"Great movie, a must watch",great movie must watch,1.0
Amazing Movie - Must Watch,amazing movie must watch,1.0
One of the greatest film achievements.,one greatest film achievements,1.0
A wonderful piece of work,wonderful piece work,1.0
One of the best of the hollywood,one best hollywood,1.0
Without question the greatest movie of all time.,without question greatest movie time,1.0
Amazing example of Story Arc,amazing example story arc,1.0
One of the best movies I have ever seen!,one best movies ever seen,1.0
One of the GREATS!,one greats,1.0
World's best movie,worlds best movie,1.0
Best standalone movie ever made,best standalone movie ever made,1.0
Truly corresponding to the title - The best movie ever made,truly corresponding title best movie ever made,1.0
"Good, but not the best ever.",good best ever,1.0
Pathetic. Glorification of worst criminals as heoes.,pathetic glorification worst criminals heoes,0.0
"Great movie, but ""The Best Ever""?",great movie best ever,1.0
"Greatest ""prison/escape"" movie ever",greatest prisonescape movie ever,1.0
Best movie Ever!!!!!!,best movie ever,1.0
The Best Movie of All Time.,best movie time,1.0
Best Part In movie,best part movie,1.0
Best film ever made(for me),best film ever madefor,1.0
"one of the best movies you'll ever see, with everything you'll ask for in a movie",one best movies youll ever see everything youll ask movie,1.0
Overrated and boring,overrated boring,0.0
"Best movie, ever",best movie ever,1.0
The Shawshank Redemption is excellent!,shawshank redemption excellent,1.0
Greatest Movie Of All Time!,greatest movie time,1.0
Amazingly Amazing,amazingly amazing,1.0
"Excellent cinema, right out of the heart",excellent cinema right heart,1.0
"Best there is, seriously...",best seriously,1.0
this is the greatest movie of all time,greatest movie time,1.0
best movie in all time!,best movie time,1.0
Best Movie I Have Seen,best movie seen,1.0
"Hope is a good thing, maybe the best of things, and no good thing ever dies",hope good thing maybe best things good thing ever dies,1.0
a great movie to see,great movie see,1.0
"Worst movie ever,rated 1 out of 10 by me",worst movie everrated,0.0
This movie is one of the best I have ever seen.,movie one best ever seen,1.0
"Entertaining, Though Maybe Slightly Overrated. Still, A Wonderful Story About The Power Of Friendship.",entertaining though maybe slightly overrated still wonderful story power friendship,1.0
Great Film. Why no Oscar?,great film oscar,1.0
The Best Movie of the past 20 Years,best movie past years,1.0
Not at all the best movie.. But maybe in the top10,best movie maybe top,1.0
The second best movie of all time.,second best movie time,1.0
"Not as great as people say it is, but very good nevertheless",great people say good nevertheless,1.0
Simply brilliant.,simply brilliant,1.0
Maybe the best film out there?,maybe best film,1.0
The best movie I've seen,best movie ive seen,1.0
Best Movie Ever!,best movie ever,1.0
"Not bad, but not that good",bad good,0.0
One of the best films of the 1990's,one best films,1.0
The best film ever made,best film ever made,1.0
it's really very great,really great,1.0
Hope is a Dangerous thing maybe the best thing of all,hope dangerous thing maybe best thing,1.0
One of the best if not the one...,one best one,1.0
Absolutely amazing! You will laugh and cry,absolutely amazing laugh cry,1.0
The best movie still to day,best movie still day,1.0
Possibly the greatest film ever made,possibly greatest film ever made,1.0
How was this that great?,great,1.0
One of the best movies ever done,one best movies ever done,1.0
It's the worst I've seen,worst ive seen,0.0
Excellent movie that i would recommend to every movie lover out there,excellent movie would recommend every movie lover,1.0
Greatest story ever told,greatest story ever told,1.0
"Masterpiece,I will say it was the best movie I've seen until my last breath,a movie like this comes once in 100 years,that's all i have to say.",masterpiecei say best movie ive seen last breatha movie like comes yearsthats say,1.0
A brilliant classic,brilliant classic,1.0
One of the greatest films of all time.,one greatest films time,1.0
you should definitely watch a great movie,definitely watch great movie,1.0
Best-rated Film The Shawshank Redemption is amazing,bestrated film shawshank redemption amazing,1.0
Excellent movie! One of the best that Hollywood has to offer!,excellent movie one best hollywood offer,1.0
An Excellent Piece Of Art!,excellent piece art,1.0
The best Stephen King movie,best stephen king movie,1.0
The best darn picture ever made,best darn picture ever made,1.0
about best movie,best movie,1.0
EXCELLENT. Shawshank Redemption is a phenomenal film about the human condition and a man's battle to not lose his humanity.,excellent shawshank redemption phenomenal film human condition mans battle lose humanity,1.0
wonderful movie for action buff,wonderful movie action buff,1.0
Best Movie in the 20th Century!!!,best movie th century,1.0
A brilliant movie,brilliant movie,1.0
One of the best i have ever seen,one best ever seen,1.0
Brilliant!!!!!!!!,brilliant,1.0
BEST MOVIE I HAVE EVER SEEN,best movie ever seen,1.0
An excellent movie,excellent movie,1.0
"One of the greatest movies of all time,",one greatest movies time,1.0
BEST MOVIE IN CINEMA HISTORY,best movie cinema history,1.0
Best movie ever made .. redemptive,best movie ever made redemptive,1.0
The key to it's greatness is the deeper meanings,key greatness deeper meanings,1.0
This movie was great!!,movie great,1.0
"Without a Doubt, One of the Greatest Movies I have Ever Seen",without doubt one greatest movies ever seen,1.0
not good not bad,good bad,0.0
Best movie ever in my opinion,best movie ever opinion,1.0
It's a fantastic movie.,fantastic movie,1.0
Best movie of all time,best movie time,1.0
One of the all time bests!,one time bests,1.0
Hopes are dangerous? No! Hopes is a good thing or may be best of best things,hopes dangerous hopes good thing may best best things,1.0
The Best Movie Ever Made !?,best movie ever made,1.0
The Greatest Movie of all Time !!,greatest movie time,1.0
A Truly Great Movie,truly great movie,1.0
The Best Stephen King Adapation.,best stephen king adapation,1.0
This is simply one of the best movies ever with superb acting,simply one best movies ever superb acting,1.0
Bad are bad and the good guys are good. The end.,bad bad good guys good end,0.0
One of the BEST films ever made!!,one best films ever made,1.0
Simply the Greatest Movie of All Time,simply greatest movie time,1.0
Not the best movie but it is what it is,best movie,1.0
"Not bad, but old",bad old,0.0
Everyone say it's the best film but it really is one of the best film!,everyone say best film really one best film,1.0
"Amazing, simply amazing",amazing simply amazing,1.0
"Too long, too boring, too obvious, too King's, bah...",long boring obvious kings bah,0.0
Brain burning and great scenario,brain burning great scenario,1.0
Quite simply the greatest movie ever made!,quite simply greatest movie ever made,1.0
Greatest movie All-time,greatest movie alltime,1.0
One of the best I've seen so far,one best ive seen far,1.0
Amongst the greatest films ever made....PERIOD,amongst greatest films ever madeperiod,1.0
One of the ALL TIME best Movies,one time best movies,1.0
Great Adaptation,great adaptation,1.0
Best Movie I have ever seen,best movie ever seen,1.0
This movie is fantastic,movie fantastic,1.0
the best i've ever watched,best ive ever watched,1.0
Simply the BEST !,simply best,1.0
Best of all time?,best time,1.0
One of the greatest movies ever made!,one greatest movies ever made,1.0
GOOD BUT NOT GREAT,good great,1.0
One of the most amazing movies I have ever seen.,one amazing movies ever seen,1.0
Massively overhyped but brilliant nonetheless,massively overhyped brilliant nonetheless,1.0
its great movie but its not the best,great movie best,1.0
BEST MOVIE FOREVER !,best movie forever,1.0
How Great is this film?,great film,1.0
The greatest movie ever made.,greatest movie ever made,1.0
Pretty damn fantastic,pretty damn fantastic,1.0
great but not no.1,great,1.0
well this has to be one of the best,well one best,1.0
Best movie ever I have seen.,best movie ever seen,1.0
Best film ever made?,best film ever made,1.0
Best movie ever watched,best movie ever watched,1.0
Why is this the best movie ever for everyone?,best movie ever everyone,1.0
"Yes it is a great film, but does it deserve to be number one?",yes great film deserve number one,1.0
A Fantastic film. But definitely not #1,fantastic film definitely,1.0
Best Movie I've Ever Seen,best movie ive ever seen,1.0
"Overrated, long and boring",overrated long boring,0.0
Best Loving Ever,best loving ever,1.0
"yes, a truly great, under-appreciated film. But ranked #1???",yes truly great underappreciated film ranked,1.0
"Brilliant, brilliant film",brilliant brilliant film,1.0
A wonderful creation,wonderful creation,1.0
The best movie I have seen so far,best movie seen far,1.0
"Good but not ""The Best of All"" - OVERRATED but Must-Watch",good best overrated mustwatch,1.0
Best Prison Movie,best prison movie,1.0
One of the best ever,one best ever,1.0
GREAT ESCAPE MOVIES FROM PRISON,great escape movies prison,1.0
"""Remember Red, hope is a good thing, maybe the best of things, and no good thing ever dies.""",remember red hope good thing maybe best things good thing ever dies,1.0
"Poor, Boring, Painful, Long, Slow....and all the other words which defines a bad movie",poor boring painful long slowand words defines bad movie,0.0
NOT THE BEST MOVIE OF ALL TIME FOR SURE,best movie time sure,1.0
The best movie ever seen,best movie ever seen,1.0
GREATEST OF ALL TIME!,greatest time,1.0
"Unnecessarily long, but still excellent.",unnecessarily long still excellent,1.0
very fantastic movie,fantastic movie,1.0
A great piece of art ...,great piece art,1.0
Definitely one of the Greatest Movies Ever.....,definitely one greatest movies ever,1.0
Great film but #1 ranked on imdb?? No way...,great film ranked imdb way,1.0
Happens to be the best movie I have ever come across,happens best movie ever come across,1.0
Perhaps best movie,perhaps best movie,1.0
The best movie i have ever seen!! They just don't make movies like this anymore!!,best movie ever seen dont make movies like anymore,1.0
May be the best film ever made.,may best film ever made,1.0
overall great movie,overall great movie,1.0
"Shawshank, Best Movie so far",shawshank best movie far,1.0
Slow but wonderful,slow wonderful,1.0
A great movie for those who are learning to make movies,great movie learning make movies,1.0
Great movie i have seen,great movie seen,1.0
best movie all of time,best movie time,1.0
Fantastic storytelling. A modern movie classic.,fantastic storytelling modern movie classic,1.0
An all time best,time best,1.0
Simply the best!!!,simply best,1.0
One of the best Jail Break Movies Ever,one best jail break movies ever,1.0
It Gives Us The Best Of Things : Hope,gives us best things hope,1.0
Tied for the best movie I have ever seen,tied best movie ever seen,1.0
Brilliant and Moving:,brilliant moving,1.0
One of the best movie i have watched!!!,one best movie watched,1.0
One of the best Movie,one best movie,1.0
Best Movie of all times,best movie times,1.0
The Greatest Film of All Time.,greatest film time,1.0
wild animals are best left in nature and babies with their mothers,wild animals best left nature babies mothers,1.0
best ending? (spoiler),best ending spoiler,1.0
One of the best movies - the unexpected happens all the time,one best movies unexpected happens time,1.0
